problem_name,seed,optimizer,batch,learning_rate,architecture,epochs_ran,test_metric
classification,42,sgd,16,0.1,A1,100,0.019918244396959568
classification,42,sgd,64,0.1,A1,100,0.04958895538824092
classification,42,sgd,16,0.001,A1,100,0.6623361060176687
classification,42,sgd,64,0.001,A1,100,0.684614134044881
classification,42,momentum,16,0.1,A1,100,0.020126353269136636
classification,42,momentum,64,0.1,A1,100,0.04979880658481647
classification,42,momentum,16,0.001,A1,100,0.6624197422197733
classification,42,momentum,64,0.001,A1,100,0.6846605887655741
classification,42,adabelief,16,0.1,A1,82,0.0001590156576081794
classification,42,adabelief,64,0.1,A1,83,0.0007475083909486954
classification,42,adabelief,16,0.001,A1,100,0.01672279400125015
classification,42,adabelief,64,0.001,A1,100,0.02986077028921304
classification,42,sgd,16,0.1,A2,62,0.005262288740450309
classification,42,sgd,64,0.1,A2,100,0.006685647202110718
classification,42,sgd,16,0.001,A2,100,0.69001932467359
classification,42,sgd,64,0.001,A2,100,0.6933058386885667
classification,42,momentum,16,0.1,A2,80,0.005144109825934136
classification,42,momentum,64,0.1,A2,61,0.011555018915989583
classification,42,momentum,16,0.001,A2,100,0.6900298997066304
classification,42,momentum,64,0.001,A2,100,0.6933026226328068
classification,42,adabelief,16,0.1,A2,30,0.12687694944667297
classification,42,adabelief,64,0.1,A2,30,0.007270353678007754
classification,42,adabelief,16,0.001,A2,52,0.004167268231349724
classification,42,adabelief,64,0.001,A2,94,0.004896349045612619
classification,42,sgd,16,0.1,A2-bias,74,0.00042131892735469613
classification,42,sgd,64,0.1,A2-bias,100,0.00167497732984929
classification,42,sgd,16,0.001,A2-bias,100,0.6787615694767729
classification,42,sgd,64,0.001,A2-bias,100,0.6889561727158021
classification,42,momentum,16,0.1,A2-bias,68,0.0005040093014739658
classification,42,momentum,64,0.1,A2-bias,100,0.0017331296374069008
classification,42,momentum,16,0.001,A2-bias,100,0.6788232507267983
classification,42,momentum,64,0.001,A2-bias,100,0.6890239002768045
classification,42,adabelief,16,0.1,A2-bias,30,0.0003084574882573678
classification,42,adabelief,64,0.1,A2-bias,30,5.518213870745621e-05
classification,42,adabelief,16,0.001,A2-bias,51,0.00017049849476324314
classification,42,adabelief,64,0.001,A2-bias,70,0.0003333528583956012
classification,42,sgd,16,0.1,A2-he,77,0.005302069452378289
classification,42,sgd,64,0.1,A2-he,71,0.0071072829685893055
classification,42,sgd,16,0.001,A2-he,100,0.06577131190224945
classification,42,sgd,64,0.001,A2-he,100,0.23312229572077975
classification,42,momentum,16,0.1,A2-he,100,0.0036741415794862256
classification,42,momentum,64,0.1,A2-he,100,0.006264166450185012
classification,42,momentum,16,0.001,A2-he,100,0.06596492499517706
classification,42,momentum,64,0.001,A2-he,100,0.23485617549232266
classification,42,adabelief,16,0.1,A2-he,30,0.02486448568705349
classification,42,adabelief,64,0.1,A2-he,32,0.00918307390352346
classification,42,adabelief,16,0.001,A2-he,100,0.0013077084937114772
classification,42,adabelief,64,0.001,A2-he,100,0.0042762318860161165
classification,42,sgd,16,0.1,A2-bias-he,73,0.00040696807566647597
classification,42,sgd,64,0.1,A2-bias-he,100,0.001280116682269523
classification,42,sgd,16,0.001,A2-bias-he,100,0.057747089827779215
classification,42,sgd,64,0.001,A2-bias-he,100,0.21946395600601787
classification,42,momentum,16,0.1,A2-bias-he,73,0.00041763483943714534
classification,42,momentum,64,0.1,A2-bias-he,100,0.0012277109877223014
classification,42,momentum,16,0.001,A2-bias-he,100,0.05790446017805195
classification,42,momentum,64,0.001,A2-bias-he,100,0.2211416299040103
classification,42,adabelief,16,0.1,A2-bias-he,30,0.00010177953566469629
classification,42,adabelief,64,0.1,A2-bias-he,30,6.2341186718584355e-06
classification,42,adabelief,16,0.001,A2-bias-he,72,0.0001197551692728788
classification,42,adabelief,64,0.001,A2-bias-he,100,0.00028456772932721326
classification,42,sgd,16,0.1,A2-bn,50,0.0021204020467362372
classification,42,sgd,64,0.1,A2-bn,72,0.003734797186573163
classification,42,sgd,16,0.001,A2-bn,100,0.03974960885694857
classification,42,sgd,64,0.001,A2-bn,100,0.1664319200023849
classification,42,momentum,16,0.1,A2-bn,31,0.0032491973425123667
classification,42,momentum,64,0.1,A2-bn,73,0.0016963477089322397
classification,42,momentum,16,0.001,A2-bn,100,0.03976950852917995
classification,42,momentum,64,0.001,A2-bn,100,0.16837362182185953
classification,42,adabelief,16,0.1,A2-bn,47,0.0011581173819700562
classification,42,adabelief,64,0.1,A2-bn,30,0.0006138225128730823
classification,42,adabelief,16,0.001,A2-bn,34,0.00212816848402477
classification,42,adabelief,64,0.001,A2-bn,73,0.0007187199703849972
classification,42,sgd,16,0.1,A1-dropout,100,0.01868187024992037
classification,42,sgd,64,0.1,A1-dropout,100,0.05027677647733753
classification,42,sgd,16,0.001,A1-dropout,100,0.6643254880267618
classification,42,sgd,64,0.001,A1-dropout,100,0.684687635156492
classification,42,momentum,16,0.1,A1-dropout,100,0.018759267564923188
classification,42,momentum,64,0.1,A1-dropout,100,0.050646595960224146
classification,42,momentum,16,0.001,A1-dropout,100,0.664387090237511
classification,42,momentum,64,0.001,A1-dropout,100,0.6847344840036987
classification,42,adabelief,16,0.1,A1-dropout,42,0.0032222398101747485
classification,42,adabelief,64,0.1,A1-dropout,46,0.0040592483562901975
classification,42,adabelief,16,0.001,A1-dropout,100,0.018177426343014808
classification,42,adabelief,64,0.001,A1-dropout,100,0.03244214792320296
classification,42,sgd,16,0.1,A2-bn-dropout,73,0.0030253996616290708
classification,42,sgd,64,0.1,A2-bn-dropout,68,0.0017637805699318556
classification,42,sgd,16,0.001,A2-bn-dropout,100,0.05841480838116593
classification,42,sgd,64,0.001,A2-bn-dropout,100,0.2664204670808119
classification,42,momentum,16,0.1,A2-bn-dropout,34,0.006428328625711858
classification,42,momentum,64,0.1,A2-bn-dropout,57,0.0022628557369754622
classification,42,momentum,16,0.001,A2-bn-dropout,100,0.05910951377573464
classification,42,momentum,64,0.001,A2-bn-dropout,100,0.2693124410010622
classification,42,adabelief,16,0.1,A2-bn-dropout,31,0.0006629055551875956
classification,42,adabelief,64,0.1,A2-bn-dropout,32,0.0008236991023466423
classification,42,adabelief,16,0.001,A2-bn-dropout,36,0.004370301069623745
classification,42,adabelief,64,0.001,A2-bn-dropout,57,0.0011895583429093084
classification,43,sgd,16,0.1,A1,100,0.008381710884754558
classification,43,sgd,64,0.1,A1,100,0.030645430053968217
classification,43,sgd,16,0.001,A1,100,0.6583560064468529
classification,43,sgd,64,0.001,A1,100,0.686743967494007
classification,43,momentum,16,0.1,A1,100,0.008336207888005001
classification,43,momentum,64,0.1,A1,100,0.030841502619176918
classification,43,momentum,16,0.001,A1,100,0.6584578093288247
classification,43,momentum,64,0.001,A1,100,0.686709284492956
classification,43,adabelief,16,0.1,A1,49,0.00014761600733300884
classification,43,adabelief,64,0.1,A1,59,0.0014463369389898083
classification,43,adabelief,16,0.001,A1,100,0.006320493896704062
classification,43,adabelief,64,0.001,A1,100,0.013540564457973156
classification,43,sgd,16,0.1,A2,55,0.0019370222548081028
classification,43,sgd,64,0.1,A2,100,0.0028700213210236703
classification,43,sgd,16,0.001,A2,100,0.6814663636820715
classification,43,sgd,64,0.001,A2,100,0.6897643810214412
classification,43,momentum,16,0.1,A2,67,0.001729998081267889
classification,43,momentum,64,0.1,A2,100,0.002838830274057418
classification,43,momentum,16,0.001,A2,100,0.6815087339818005
classification,43,momentum,64,0.001,A2,100,0.6897806834004094
classification,43,adabelief,16,0.1,A2,30,0.0005951818441654468
classification,43,adabelief,64,0.1,A2,30,0.000684377164255232
classification,43,adabelief,16,0.001,A2,45,0.0009981475985839806
classification,43,adabelief,64,0.001,A2,56,0.0014096426302399392
classification,43,sgd,16,0.1,A2-bias,60,0.00022134119483886337
classification,43,sgd,64,0.1,A2-bias,100,0.0007666759876684243
classification,43,sgd,16,0.001,A2-bias,100,0.667313552040793
classification,43,sgd,64,0.001,A2-bias,100,0.6847714062024198
classification,43,momentum,16,0.1,A2-bias,60,0.00023003810124915943
classification,43,momentum,64,0.1,A2-bias,100,0.0007978715594788081
classification,43,momentum,16,0.001,A2-bias,100,0.6674565862933909
classification,43,momentum,64,0.001,A2-bias,100,0.6848043258138271
classification,43,adabelief,16,0.1,A2-bias,30,0.00016750798246268687
classification,43,adabelief,64,0.1,A2-bias,30,3.3002603657268416e-06
classification,43,adabelief,16,0.001,A2-bias,39,9.081033852437103e-05
classification,43,adabelief,64,0.001,A2-bias,57,0.00019201508794365762
classification,43,sgd,16,0.1,A2-he,55,0.0016947760870159889
classification,43,sgd,64,0.1,A2-he,100,0.002046061557757309
classification,43,sgd,16,0.001,A2-he,100,0.04670418629918625
classification,43,sgd,64,0.001,A2-he,100,0.19747978057568627
classification,43,momentum,16,0.1,A2-he,77,0.0016453787297081126
classification,43,momentum,64,0.1,A2-he,100,0.0020407196222883626
classification,43,momentum,16,0.001,A2-he,100,0.046757822592742714
classification,43,momentum,64,0.001,A2-he,100,0.19818969318760946
classification,43,adabelief,16,0.1,A2-he,30,0.011959509547704883
classification,43,adabelief,64,0.1,A2-he,30,0.0012437885694659998
classification,43,adabelief,16,0.001,A2-he,51,0.0016899215481279168
classification,43,adabelief,64,0.001,A2-he,100,0.0018808093445759132
classification,43,sgd,16,0.1,A2-bias-he,58,0.0002677317129826765
classification,43,sgd,64,0.1,A2-bias-he,100,0.0007308146024540699
classification,43,sgd,16,0.001,A2-bias-he,100,0.0418877629751242
classification,43,sgd,64,0.001,A2-bias-he,100,0.18668730206431552
classification,43,momentum,16,0.1,A2-bias-he,57,0.00023218927098917166
classification,43,momentum,64,0.1,A2-bias-he,100,0.0005747112167364964
classification,43,momentum,16,0.001,A2-bias-he,100,0.04194666018224552
classification,43,momentum,64,0.001,A2-bias-he,100,0.1874222271193161
classification,43,adabelief,16,0.1,A2-bias-he,30,1.2907714501132039e-05
classification,43,adabelief,64,0.1,A2-bias-he,30,5.193593296777076e-05
classification,43,adabelief,16,0.001,A2-bias-he,55,7.2730736557047e-05
classification,43,adabelief,64,0.001,A2-bias-he,99,0.0001177110855360677
classification,43,sgd,16,0.1,A2-bn,30,0.0020610205038235786
classification,43,sgd,64,0.1,A2-bn,68,0.0013000076495608885
classification,43,sgd,16,0.001,A2-bn,90,0.03350732246217759
classification,43,sgd,64,0.001,A2-bn,100,0.13724051308393817
classification,43,momentum,16,0.1,A2-bn,32,0.0017753884255192367
classification,43,momentum,64,0.1,A2-bn,61,0.0012164258709877719
classification,43,momentum,16,0.001,A2-bn,90,0.03277230590689172
classification,43,momentum,64,0.001,A2-bn,100,0.13943346803564804
classification,43,adabelief,16,0.1,A2-bn,30,0.0004735246236777132
classification,43,adabelief,64,0.1,A2-bn,30,9.71902311633964e-05
classification,43,adabelief,16,0.001,A2-bn,48,0.0004754490928182933
classification,43,adabelief,64,0.001,A2-bn,77,0.0004322451052835876
classification,43,sgd,16,0.1,A1-dropout,100,0.006225654359830914
classification,43,sgd,64,0.1,A1-dropout,100,0.030591387904048226
classification,43,sgd,16,0.001,A1-dropout,100,0.6606823568695499
classification,43,sgd,64,0.001,A1-dropout,100,0.6866753675739187
classification,43,momentum,16,0.1,A1-dropout,100,0.006078516959653638
classification,43,momentum,64,0.1,A1-dropout,100,0.030907183444915987
classification,43,momentum,16,0.001,A1-dropout,100,0.6607705943733048
classification,43,momentum,64,0.001,A1-dropout,100,0.686820539687253
classification,43,adabelief,16,0.1,A1-dropout,54,0.0002904878270963816
classification,43,adabelief,64,0.1,A1-dropout,48,0.002447674722963418
classification,43,adabelief,16,0.001,A1-dropout,100,0.0059886515633234315
classification,43,adabelief,64,0.001,A1-dropout,100,0.01437879334042089
classification,43,sgd,16,0.1,A2-bn-dropout,59,0.0011648236232706273
classification,43,sgd,64,0.1,A2-bn-dropout,83,0.0008440409086819404
classification,43,sgd,16,0.001,A2-bn-dropout,90,0.055502371799172716
classification,43,sgd,64,0.001,A2-bn-dropout,100,0.23785703664109858
classification,43,momentum,16,0.1,A2-bn-dropout,30,0.0023794646870069175
classification,43,momentum,64,0.1,A2-bn-dropout,68,0.0008707415962911295
classification,43,momentum,16,0.001,A2-bn-dropout,90,0.055626119231620155
classification,43,momentum,64,0.001,A2-bn-dropout,100,0.24027362451535692
classification,43,adabelief,16,0.1,A2-bn-dropout,41,2.3334248554739474e-05
classification,43,adabelief,64,0.1,A2-bn-dropout,30,3.844444713617121e-06
classification,43,adabelief,16,0.001,A2-bn-dropout,45,0.0012242590042604508
classification,43,adabelief,64,0.001,A2-bn-dropout,79,0.0004287752970373011
classification,44,sgd,16,0.1,A1,100,0.013143746342056667
classification,44,sgd,64,0.1,A1,100,0.03845217469418023
classification,44,sgd,16,0.001,A1,100,0.6614156139619165
classification,44,sgd,64,0.001,A1,100,0.6934548352054426
classification,44,momentum,16,0.1,A1,100,0.013586436311608918
classification,44,momentum,64,0.1,A1,100,0.03878425134398886
classification,44,momentum,16,0.001,A1,100,0.6615272439682476
classification,44,momentum,64,0.001,A1,100,0.6935291619772707
classification,44,adabelief,16,0.1,A1,30,0.014858610308976805
classification,44,adabelief,64,0.1,A1,56,0.0018973191401801307
classification,44,adabelief,16,0.001,A1,100,0.010242765277148671
classification,44,adabelief,64,0.001,A1,100,0.01961484223920225
classification,44,sgd,16,0.1,A2,62,0.00311230203490735
classification,44,sgd,64,0.1,A2,100,0.003687434733279527
classification,44,sgd,16,0.001,A2,100,0.6878751478962623
classification,44,sgd,64,0.001,A2,100,0.6918594668628079
classification,44,momentum,16,0.1,A2,71,0.002866309365291598
classification,44,momentum,64,0.1,A2,100,0.003872649263236934
classification,44,momentum,16,0.001,A2,100,0.6878904242097832
classification,44,momentum,64,0.001,A2,100,0.6918679871597417
classification,44,adabelief,16,0.1,A2,30,0.01091530198712432
classification,44,adabelief,64,0.1,A2,30,0.007709015478812027
classification,44,adabelief,16,0.001,A2,30,0.001877671123083052
classification,44,adabelief,64,0.001,A2,47,0.0026202951367695184
classification,44,sgd,16,0.1,A2-bias,41,0.0019035091759754918
classification,44,sgd,64,0.1,A2-bias,100,0.001516551736326677
classification,44,sgd,16,0.001,A2-bias,100,0.6748696342028592
classification,44,sgd,64,0.001,A2-bias,100,0.688293937287667
classification,44,momentum,16,0.1,A2-bias,100,0.000407600975620384
classification,44,momentum,64,0.1,A2-bias,100,0.0016361462135941298
classification,44,momentum,16,0.001,A2-bias,100,0.6749913519664915
classification,44,momentum,64,0.001,A2-bias,100,0.6882425653350805
classification,44,adabelief,16,0.1,A2-bias,58,0.0001686807073047776
classification,44,adabelief,64,0.1,A2-bias,34,1.769491157753745e-05
classification,44,adabelief,16,0.001,A2-bias,88,5.739220495749603e-05
classification,44,adabelief,64,0.001,A2-bias,100,7.81068104326002e-05
classification,44,sgd,16,0.1,A2-he,35,0.0024661904651230707
classification,44,sgd,64,0.1,A2-he,80,0.004486538115166864
classification,44,sgd,16,0.001,A2-he,100,0.0784063494152218
classification,44,sgd,64,0.001,A2-he,100,0.28935452969806974
classification,44,momentum,16,0.1,A2-he,30,0.002907006789747767
classification,44,momentum,64,0.1,A2-he,78,0.00515253596348916
classification,44,momentum,16,0.001,A2-he,100,0.07870024477835538
classification,44,momentum,64,0.001,A2-he,100,0.29077156487441264
classification,44,adabelief,16,0.1,A2-he,30,0.012481057331306365
classification,44,adabelief,64,0.1,A2-he,30,0.055359015035047095
classification,44,adabelief,16,0.001,A2-he,30,0.007533712097456894
classification,44,adabelief,64,0.001,A2-he,47,0.0037758028847768082
classification,44,sgd,16,0.1,A2-bias-he,100,0.0010201548108495105
classification,44,sgd,64,0.1,A2-bias-he,100,0.004090522648450782
classification,44,sgd,16,0.001,A2-bias-he,100,0.07211188421253022
classification,44,sgd,64,0.001,A2-bias-he,100,0.28225258231362393
classification,44,momentum,16,0.1,A2-bias-he,100,0.0007195434644288592
classification,44,momentum,64,0.1,A2-bias-he,100,0.0037442503722703046
classification,44,momentum,16,0.001,A2-bias-he,100,0.07240654775347326
classification,44,momentum,64,0.001,A2-bias-he,100,0.28396466204716664
classification,44,adabelief,16,0.1,A2-bias-he,30,2.10006767057898e-06
classification,44,adabelief,64,0.1,A2-bias-he,30,8.217329257034007e-05
classification,44,adabelief,16,0.001,A2-bias-he,100,5.641075082103482e-05
classification,44,adabelief,64,0.001,A2-bias-he,100,0.0003303757636220501
classification,44,sgd,16,0.1,A2-bn,58,0.00126467374482211
classification,44,sgd,64,0.1,A2-bn,53,0.001707682662911003
classification,44,sgd,16,0.001,A2-bn,96,0.0463605122543973
classification,44,sgd,64,0.001,A2-bn,100,0.16111831473296936
classification,44,momentum,16,0.1,A2-bn,45,0.00138238864355338
classification,44,momentum,64,0.1,A2-bn,51,0.0015104143532137914
classification,44,momentum,16,0.001,A2-bn,95,0.04405431834643025
classification,44,momentum,64,0.001,A2-bn,100,0.1627630711497845
classification,44,adabelief,16,0.1,A2-bn,45,7.10313581625383e-05
classification,44,adabelief,64,0.1,A2-bn,32,0.00027130325042719485
classification,44,adabelief,16,0.001,A2-bn,62,0.0009972774720539907
classification,44,adabelief,64,0.001,A2-bn,56,0.0011212459788253063
classification,44,sgd,16,0.1,A1-dropout,61,0.018436739504637527
classification,44,sgd,64,0.1,A1-dropout,100,0.038176439075041875
classification,44,sgd,16,0.001,A1-dropout,100,0.6633179146262813
classification,44,sgd,64,0.001,A1-dropout,100,0.6934509957982065
classification,44,momentum,16,0.1,A1-dropout,63,0.017960352611335224
classification,44,momentum,64,0.1,A1-dropout,100,0.03808986607493928
classification,44,momentum,16,0.001,A1-dropout,100,0.6634045809481498
classification,44,momentum,64,0.001,A1-dropout,100,0.6934125412081779
classification,44,adabelief,16,0.1,A1-dropout,44,0.00074636203638945
classification,44,adabelief,64,0.1,A1-dropout,44,0.008631218971594475
classification,44,adabelief,16,0.001,A1-dropout,74,0.015864401290714217
classification,44,adabelief,64,0.001,A1-dropout,100,0.021250698167403333
classification,44,sgd,16,0.1,A2-bn-dropout,46,0.0023990850467858066
classification,44,sgd,64,0.1,A2-bn-dropout,53,0.0015500303801341878
classification,44,sgd,16,0.001,A2-bn-dropout,100,0.05632918503324524
classification,44,sgd,64,0.001,A2-bn-dropout,100,0.25719947019244027
classification,44,momentum,16,0.1,A2-bn-dropout,30,0.004630617216854907
classification,44,momentum,64,0.1,A2-bn-dropout,53,0.0015856066400262118
classification,44,momentum,16,0.001,A2-bn-dropout,100,0.0558413746535052
classification,44,momentum,64,0.001,A2-bn-dropout,100,0.2588511197610806
classification,44,adabelief,16,0.1,A2-bn-dropout,30,0.005235883996348135
classification,44,adabelief,64,0.1,A2-bn-dropout,30,0.00020824096165606345
classification,44,adabelief,16,0.001,A2-bn-dropout,30,0.004820854433415577
classification,44,adabelief,64,0.001,A2-bn-dropout,56,0.0010783998924247965
classification,45,sgd,16,0.1,A1,100,0.013818536297749609
classification,45,sgd,64,0.1,A1,100,0.0353125875253067
classification,45,sgd,16,0.001,A1,100,0.665655443199817
classification,45,sgd,64,0.001,A1,100,0.6894426754219604
classification,45,momentum,16,0.1,A1,93,0.014809866084366062
classification,45,momentum,64,0.1,A1,100,0.0353843458716399
classification,45,momentum,16,0.001,A1,100,0.665745962992111
classification,45,momentum,64,0.001,A1,100,0.6895796442625675
classification,45,adabelief,16,0.1,A1,39,0.0010249785472322829
classification,45,adabelief,64,0.1,A1,81,0.0012038796217931338
classification,45,adabelief,16,0.001,A1,93,0.011792554832212398
classification,45,adabelief,64,0.001,A1,100,0.01943518134315005
classification,45,sgd,16,0.1,A2,71,0.006147471960221689
classification,45,sgd,64,0.1,A2,47,0.014495865535726123
classification,45,sgd,16,0.001,A2,100,0.6885420300674737
classification,45,sgd,64,0.001,A2,37,0.691993687031277
classification,45,momentum,16,0.1,A2,58,0.007302987439432782
classification,45,momentum,64,0.1,A2,48,0.014417883188108984
classification,45,momentum,16,0.001,A2,100,0.6885553139550569
classification,45,momentum,64,0.001,A2,37,0.6919989595359803
classification,45,adabelief,16,0.1,A2,30,0.015103922282387485
classification,45,adabelief,64,0.1,A2,30,0.010448605254540524
classification,45,adabelief,16,0.001,A2,36,0.005751527329613
classification,45,adabelief,64,0.001,A2,79,0.004884754414847146
classification,45,sgd,16,0.1,A2-bias,41,0.0013987336098003618
classification,45,sgd,64,0.1,A2-bias,100,0.0017736866496087596
classification,45,sgd,16,0.001,A2-bias,100,0.6822116017661203
classification,45,sgd,64,0.001,A2-bias,100,0.6887794467094953
classification,45,momentum,16,0.1,A2-bias,100,0.00025395923076476537
classification,45,momentum,64,0.1,A2-bias,100,0.001892043662131473
classification,45,momentum,16,0.001,A2-bias,100,0.6823387650338332
classification,45,momentum,64,0.001,A2-bias,100,0.6887141357455855
classification,45,adabelief,16,0.1,A2-bias,30,2.5640976714907342e-05
classification,45,adabelief,64,0.1,A2-bias,30,0.00019428604003405545
classification,45,adabelief,16,0.001,A2-bias,79,2.4468295711553758e-05
classification,45,adabelief,64,0.001,A2-bias,100,0.00011959867735804443
classification,45,sgd,16,0.1,A2-he,41,0.0052504247526800624
classification,45,sgd,64,0.1,A2-he,80,0.00676673950755273
classification,45,sgd,16,0.001,A2-he,100,0.05308365040987491
classification,45,sgd,64,0.001,A2-he,100,0.2631902563533759
classification,45,momentum,16,0.1,A2-he,42,0.00485840161311597
classification,45,momentum,64,0.1,A2-he,100,0.005701189533345074
classification,45,momentum,16,0.001,A2-he,100,0.05315285236766656
classification,45,momentum,64,0.001,A2-he,100,0.2645376124731024
classification,45,adabelief,16,0.1,A2-he,30,0.01310064315201657
classification,45,adabelief,64,0.1,A2-he,30,0.00603421401153257
classification,45,adabelief,16,0.001,A2-he,39,0.0037828491629833317
classification,45,adabelief,64,0.001,A2-he,72,0.004088098293138685
classification,45,sgd,16,0.1,A2-bias-he,100,0.00016626716169947702
classification,45,sgd,64,0.1,A2-bias-he,100,0.0010122084275317681
classification,45,sgd,16,0.001,A2-bias-he,100,0.046869398733426174
classification,45,sgd,64,0.001,A2-bias-he,100,0.2572477622514437
classification,45,momentum,16,0.1,A2-bias-he,100,0.00016136403670920867
classification,45,momentum,64,0.1,A2-bias-he,100,0.0010351368684052068
classification,45,momentum,16,0.001,A2-bias-he,100,0.04690778119230714
classification,45,momentum,64,0.001,A2-bias-he,100,0.25868101629039236
classification,45,adabelief,16,0.1,A2-bias-he,30,4.376287089251026e-09
classification,45,adabelief,64,0.1,A2-bias-he,30,1.2940637469390586e-05
classification,45,adabelief,16,0.001,A2-bias-he,60,9.267521377350801e-05
classification,45,adabelief,64,0.001,A2-bias-he,100,0.00011682867748622906
classification,45,sgd,16,0.1,A2-bn,30,0.004457152852101568
classification,45,sgd,64,0.1,A2-bn,53,0.002135670399883528
classification,45,sgd,16,0.001,A2-bn,100,0.03781147156726579
classification,45,sgd,64,0.001,A2-bn,100,0.16754002969416973
classification,45,momentum,16,0.1,A2-bn,30,0.005191334299782814
classification,45,momentum,64,0.1,A2-bn,79,0.0009082119911452004
classification,45,momentum,16,0.001,A2-bn,93,0.04832910555199431
classification,45,momentum,64,0.001,A2-bn,100,0.16942532832967927
classification,45,adabelief,16,0.1,A2-bn,39,0.0005021550852435939
classification,45,adabelief,64,0.1,A2-bn,39,0.0004229707689300138
classification,45,adabelief,16,0.001,A2-bn,30,0.0051698264705189656
classification,45,adabelief,64,0.001,A2-bn,75,0.0004975505343464943
classification,45,sgd,16,0.1,A1-dropout,55,0.019404454227234278
classification,45,sgd,64,0.1,A1-dropout,100,0.03407059867406602
classification,45,sgd,16,0.001,A1-dropout,100,0.6671805399051022
classification,45,sgd,64,0.001,A1-dropout,100,0.6894146131807053
classification,45,momentum,16,0.1,A1-dropout,55,0.019491751856646717
classification,45,momentum,64,0.1,A1-dropout,100,0.03421096912925238
classification,45,momentum,16,0.001,A1-dropout,100,0.6672523256877885
classification,45,momentum,64,0.001,A1-dropout,100,0.6895527773441091
classification,45,adabelief,16,0.1,A1-dropout,39,0.015678672707180607
classification,45,adabelief,64,0.1,A1-dropout,30,0.006654067166454673
classification,45,adabelief,16,0.001,A1-dropout,79,0.013964700719566547
classification,45,adabelief,64,0.001,A1-dropout,100,0.020269434509621754
classification,45,sgd,16,0.1,A2-bn-dropout,71,0.005198336727369898
classification,45,sgd,64,0.1,A2-bn-dropout,46,0.0028527509651344435
classification,45,sgd,16,0.001,A2-bn-dropout,100,0.059062673043908616
classification,45,sgd,64,0.001,A2-bn-dropout,100,0.30643477906332994
classification,45,momentum,16,0.1,A2-bn-dropout,30,0.008400937788604372
classification,45,momentum,64,0.1,A2-bn-dropout,56,0.002051443452169206
classification,45,momentum,16,0.001,A2-bn-dropout,100,0.05909100714376668
classification,45,momentum,64,0.001,A2-bn-dropout,100,0.30964811223139893
classification,45,adabelief,16,0.1,A2-bn-dropout,30,0.0025531944620872833
classification,45,adabelief,64,0.1,A2-bn-dropout,30,3.9609675504317684e-05
classification,45,adabelief,16,0.001,A2-bn-dropout,30,0.005822853966370629
classification,45,adabelief,64,0.001,A2-bn-dropout,56,0.0009678868739965752
classification,46,sgd,16,0.1,A1,100,0.03283750376406462
classification,46,sgd,64,0.1,A1,100,0.05608932687126582
classification,46,sgd,16,0.001,A1,100,0.6401403510539916
classification,46,sgd,64,0.001,A1,100,0.6721743772920259
classification,46,momentum,16,0.1,A1,100,0.033022454949883935
classification,46,momentum,64,0.1,A1,100,0.05618475807105857
classification,46,momentum,16,0.001,A1,100,0.6402720264972431
classification,46,momentum,64,0.001,A1,100,0.6722338057884185
classification,46,adabelief,16,0.1,A1,40,0.005231706997843678
classification,46,adabelief,64,0.1,A1,91,0.008281568409353157
classification,46,adabelief,16,0.001,A1,100,0.03035900011933254
classification,46,adabelief,64,0.001,A1,100,0.03800478724552492
classification,46,sgd,16,0.1,A2,100,0.011341943992070893
classification,46,sgd,64,0.1,A2,100,0.01940349715393484
classification,46,sgd,16,0.001,A2,100,0.6913487237732726
classification,46,sgd,64,0.001,A2,70,0.6945786200081068
classification,46,momentum,16,0.1,A2,100,0.011784230989745268
classification,46,momentum,64,0.1,A2,100,0.01947174594665316
classification,46,momentum,16,0.001,A2,100,0.6913577296280784
classification,46,momentum,64,0.001,A2,71,0.694574776101396
classification,46,adabelief,16,0.1,A2,30,0.14932588738556243
classification,46,adabelief,64,0.1,A2,30,0.02901184835945359
classification,46,adabelief,16,0.001,A2,38,0.014793968350662854
classification,46,adabelief,64,0.001,A2,56,0.014510105104623567
classification,46,sgd,16,0.1,A2-bias,100,0.0008165147364089386
classification,46,sgd,64,0.1,A2-bias,100,0.005153690165858977
classification,46,sgd,16,0.001,A2-bias,100,0.678213701164707
classification,46,sgd,64,0.001,A2-bias,100,0.6899926804546468
classification,46,momentum,16,0.1,A2-bias,91,0.0009753193636123294
classification,46,momentum,64,0.1,A2-bias,100,0.005301093642398572
classification,46,momentum,16,0.001,A2-bias,100,0.6782963402119203
classification,46,momentum,64,0.001,A2-bias,100,0.6900348238071996
classification,46,adabelief,16,0.1,A2-bias,30,0.004907830534545795
classification,46,adabelief,64,0.1,A2-bias,30,0.003707076644288058
classification,46,adabelief,16,0.001,A2-bias,65,0.0003261399422838179
classification,46,adabelief,64,0.001,A2-bias,100,0.0006387535389919282
classification,46,sgd,16,0.1,A2-he,42,0.012158545788425179
classification,46,sgd,64,0.1,A2-he,100,0.012764265655242737
classification,46,sgd,16,0.001,A2-he,100,0.09029095458429115
classification,46,sgd,64,0.001,A2-he,100,0.3320256590567941
classification,46,momentum,16,0.1,A2-he,40,0.012006749707511033
classification,46,momentum,64,0.1,A2-he,100,0.012445077145376479
classification,46,momentum,16,0.001,A2-he,100,0.09070308675897576
classification,46,momentum,64,0.001,A2-he,100,0.3343942211636666
classification,46,adabelief,16,0.1,A2-he,30,0.02723687911519968
classification,46,adabelief,64,0.1,A2-he,30,0.020198747376460872
classification,46,adabelief,16,0.001,A2-he,36,0.012568904711875517
classification,46,adabelief,64,0.001,A2-he,56,0.012661123378005958
classification,46,sgd,16,0.1,A2-bias-he,87,0.0013106786653236011
classification,46,sgd,64,0.1,A2-bias-he,100,0.0030089702687395676
classification,46,sgd,16,0.001,A2-bias-he,100,0.0798890968828145
classification,46,sgd,64,0.001,A2-bias-he,100,0.32274976277852513
classification,46,momentum,16,0.1,A2-bias-he,84,0.0011633975512872175
classification,46,momentum,64,0.1,A2-bias-he,100,0.0032641601047163227
classification,46,momentum,16,0.001,A2-bias-he,100,0.08033458194281357
classification,46,momentum,64,0.001,A2-bias-he,100,0.3256163269848448
classification,46,adabelief,16,0.1,A2-bias-he,47,0.13679764592505983
classification,46,adabelief,64,0.1,A2-bias-he,30,0.00010244389711743646
classification,46,adabelief,16,0.001,A2-bias-he,95,0.00031116937583597993
classification,46,adabelief,64,0.001,A2-bias-he,100,0.0009462903769223031
classification,46,sgd,16,0.1,A2-bn,34,0.002537216485493507
classification,46,sgd,64,0.1,A2-bn,86,0.0012887771218820577
classification,46,sgd,16,0.001,A2-bn,100,0.04098063408048997
classification,46,sgd,64,0.001,A2-bn,100,0.1700685611165258
classification,46,momentum,16,0.1,A2-bn,42,0.0030248050432423214
classification,46,momentum,64,0.1,A2-bn,95,0.0009456366561745064
classification,46,momentum,16,0.001,A2-bn,100,0.040824518486467475
classification,46,momentum,64,0.001,A2-bn,100,0.17308820889399712
classification,46,adabelief,16,0.1,A2-bn,30,0.000581730762093248
classification,46,adabelief,64,0.1,A2-bn,30,5.7135725653653094e-05
classification,46,adabelief,16,0.001,A2-bn,38,0.0020456556836861853
classification,46,adabelief,64,0.001,A2-bn,51,0.0012101353415390676
classification,46,sgd,16,0.1,A1-dropout,100,0.032449749946015835
classification,46,sgd,64,0.1,A1-dropout,100,0.05768767631202503
classification,46,sgd,16,0.001,A1-dropout,100,0.6435189384707667
classification,46,sgd,64,0.001,A1-dropout,100,0.6725190192956757
classification,46,momentum,16,0.1,A1-dropout,100,0.03253816057896712
classification,46,momentum,64,0.1,A1-dropout,100,0.05786406552529354
classification,46,momentum,16,0.001,A1-dropout,100,0.6436326427217283
classification,46,momentum,64,0.001,A1-dropout,100,0.672674767069363
classification,46,adabelief,16,0.1,A1-dropout,30,0.023485902169342085
classification,46,adabelief,64,0.1,A1-dropout,61,0.018065691335851616
classification,46,adabelief,16,0.001,A1-dropout,100,0.03120767993134891
classification,46,adabelief,64,0.001,A1-dropout,100,0.03996848007967654
classification,46,sgd,16,0.1,A2-bn-dropout,50,0.00696213432837481
classification,46,sgd,64,0.1,A2-bn-dropout,42,0.007844839015944537
classification,46,sgd,16,0.001,A2-bn-dropout,100,0.0717861298250928
classification,46,sgd,64,0.001,A2-bn-dropout,100,0.3065774809755084
classification,46,momentum,16,0.1,A2-bn-dropout,30,0.006532469940985751
classification,46,momentum,64,0.1,A2-bn-dropout,43,0.008288915583274119
classification,46,momentum,16,0.001,A2-bn-dropout,100,0.071728787493896
classification,46,momentum,64,0.001,A2-bn-dropout,100,0.31046525205872566
classification,46,adabelief,16,0.1,A2-bn-dropout,30,0.007772509164403088
classification,46,adabelief,64,0.1,A2-bn-dropout,33,0.0001662941115995822
classification,46,adabelief,16,0.001,A2-bn-dropout,48,0.0045295681208138
classification,46,adabelief,64,0.001,A2-bn-dropout,62,0.0015756528966834164
regression,42,sgd,16,0.1,A1,99,1.004549251258067
regression,42,sgd,64,0.1,A1,33,9.515247039274035
regression,42,sgd,16,0.001,A1,100,9.260737315580352
regression,42,sgd,64,0.001,A1,100,10.298946623248932
regression,42,momentum,16,0.1,A1,100,0.5735649768897273
regression,42,momentum,64,0.1,A1,100,4.08161737870863
regression,42,momentum,16,0.001,A1,100,9.264084046867497
regression,42,momentum,64,0.001,A1,100,10.307909293070727
regression,42,adabelief,16,0.1,A1,100,0.37454804087697874
regression,42,adabelief,64,0.1,A1,100,1.5120464064459982
regression,42,adabelief,16,0.001,A1,100,8.848874328805792
regression,42,adabelief,64,0.001,A1,100,9.38971579420493
regression,42,sgd,16,0.1,A2,30,602.1734974025975
regression,42,sgd,64,0.1,A2,30,602.1734974025975
regression,42,sgd,16,0.001,A2,99,2.7358361390948245
regression,42,sgd,64,0.001,A2,73,7.870551447252078
regression,42,momentum,16,0.1,A2,30,602.1734974025975
regression,42,momentum,64,0.1,A2,30,602.1734974025975
regression,42,momentum,16,0.001,A2,100,2.700931076236606
regression,42,momentum,64,0.001,A2,89,7.6821183326557065
regression,42,adabelief,16,0.1,A2,30,2.731151607068443
regression,42,adabelief,64,0.1,A2,61,2.1330547636176957
regression,42,adabelief,16,0.001,A2,59,7.470659614027526
regression,42,adabelief,64,0.001,A2,100,7.672041087585149
regression,42,sgd,16,0.1,A2-bias,1,nan
regression,42,sgd,64,0.1,A2-bias,78,101.4726648668436
regression,42,sgd,16,0.001,A2-bias,100,2.3632427527451907
regression,42,sgd,64,0.001,A2-bias,100,7.01538254843745
regression,42,momentum,16,0.1,A2-bias,30,101.6350350201473
regression,42,momentum,64,0.1,A2-bias,30,148.70676041255865
regression,42,momentum,16,0.001,A2-bias,100,2.2944034858976456
regression,42,momentum,64,0.001,A2-bias,90,7.602190618595629
regression,42,adabelief,16,0.1,A2-bias,43,0.8566689328741185
regression,42,adabelief,64,0.1,A2-bias,65,0.47485493339164214
regression,42,adabelief,16,0.001,A2-bias,59,7.753427409816811
regression,42,adabelief,64,0.001,A2-bias,90,8.005402356342541
regression,42,sgd,16,0.1,A2-he,30,602.1734974025975
regression,42,sgd,64,0.1,A2-he,30,602.1734974025975
regression,42,sgd,16,0.001,A2-he,66,6.537794648297908
regression,42,sgd,64,0.001,A2-he,100,7.255470863889738
regression,42,momentum,16,0.1,A2-he,1,nan
regression,42,momentum,64,0.1,A2-he,30,602.2348926764937
regression,42,momentum,16,0.001,A2-he,75,6.291350868543916
regression,42,momentum,64,0.001,A2-he,100,7.131033664267233
regression,42,adabelief,16,0.1,A2-he,44,1.4930398388945525
regression,42,adabelief,64,0.1,A2-he,37,6.299437389574171
regression,42,adabelief,16,0.001,A2-he,100,3.6257428292479914
regression,42,adabelief,64,0.001,A2-he,100,6.885690881881424
regression,42,sgd,16,0.1,A2-bias-he,59,101.72764873521194
regression,42,sgd,64,0.1,A2-bias-he,62,101.68807841586528
regression,42,sgd,16,0.001,A2-bias-he,31,6.964543198919391
regression,42,sgd,64,0.001,A2-bias-he,100,7.1337362152642045
regression,42,momentum,16,0.1,A2-bias-he,1,nan
regression,42,momentum,64,0.1,A2-bias-he,30,101.74617741888089
regression,42,momentum,16,0.001,A2-bias-he,100,5.112895404506169
regression,42,momentum,64,0.001,A2-bias-he,100,7.1663790515466035
regression,42,adabelief,16,0.1,A2-bias-he,44,1.0988403643558549
regression,42,adabelief,64,0.1,A2-bias-he,100,0.5053306902307374
regression,42,adabelief,16,0.001,A2-bias-he,100,2.7004541054380624
regression,42,adabelief,64,0.001,A2-bias-he,100,6.776904819514617
regression,42,sgd,16,0.1,A2-bn,1,nan
regression,42,sgd,64,0.1,A2-bn,2,7.037064607501961e+123
regression,42,sgd,16,0.001,A2-bn,36,2.5973236623616884
regression,42,sgd,64,0.001,A2-bn,68,4.068466981896109
regression,42,momentum,16,0.1,A2-bn,30,6.828096968541251
regression,42,momentum,64,0.1,A2-bn,32,5.794840598821327
regression,42,momentum,16,0.001,A2-bn,69,1.4523460857058792
regression,42,momentum,64,0.001,A2-bn,42,4.622710501381956
regression,42,adabelief,16,0.1,A2-bn,39,3.160125263335378
regression,42,adabelief,64,0.1,A2-bn,57,1.2256399008671237
regression,42,adabelief,16,0.001,A2-bn,33,3.902497809334892
regression,42,adabelief,64,0.001,A2-bn,69,1.4166023669735006
regression,42,sgd,16,0.1,A1-dropout,30,7.2470369422083705
regression,42,sgd,64,0.1,A1-dropout,36,8.761147287839389
regression,42,sgd,16,0.001,A1-dropout,100,9.368605348604914
regression,42,sgd,64,0.001,A1-dropout,100,10.437947147775018
regression,42,momentum,16,0.1,A1-dropout,39,5.683460884780867
regression,42,momentum,64,0.1,A1-dropout,45,7.880555785992582
regression,42,momentum,16,0.001,A1-dropout,100,9.403347827621264
regression,42,momentum,64,0.001,A1-dropout,100,10.473293212552559
regression,42,adabelief,16,0.1,A1-dropout,72,3.2430362996097224
regression,42,adabelief,64,0.1,A1-dropout,96,3.7189638938025635
regression,42,adabelief,16,0.001,A1-dropout,100,9.088498188995162
regression,42,adabelief,64,0.001,A1-dropout,100,9.870600777097419
regression,42,sgd,16,0.1,A2-bn-dropout,1,nan
regression,42,sgd,64,0.1,A2-bn-dropout,30,602.1734974025975
regression,42,sgd,16,0.001,A2-bn-dropout,34,8.43460265541012
regression,42,sgd,64,0.001,A2-bn-dropout,30,9.467549725057458
regression,42,momentum,16,0.1,A2-bn-dropout,30,13.136453936880597
regression,42,momentum,64,0.1,A2-bn-dropout,66,7.735554680389205
regression,42,momentum,16,0.001,A2-bn-dropout,34,8.520658541282037
regression,42,momentum,64,0.001,A2-bn-dropout,42,8.68888616497024
regression,42,adabelief,16,0.1,A2-bn-dropout,35,6.803521082700538
regression,42,adabelief,64,0.1,A2-bn-dropout,34,6.679209021909777
regression,42,adabelief,16,0.001,A2-bn-dropout,56,6.304929486878419
regression,42,adabelief,64,0.001,A2-bn-dropout,63,7.863566588297999
regression,43,sgd,16,0.1,A1,49,10.333131567259832
regression,43,sgd,64,0.1,A1,30,11.381175452026223
regression,43,sgd,16,0.001,A1,100,11.322693798157383
regression,43,sgd,64,0.001,A1,100,12.645238624010712
regression,43,momentum,16,0.1,A1,100,0.7559637174805997
regression,43,momentum,64,0.1,A1,65,9.031244616745239
regression,43,momentum,16,0.001,A1,100,11.346213099471383
regression,43,momentum,64,0.001,A1,100,12.663003557507981
regression,43,adabelief,16,0.1,A1,90,0.4929675578801488
regression,43,adabelief,64,0.1,A1,100,2.8960755776053833
regression,43,adabelief,16,0.001,A1,100,10.841420577592437
regression,43,adabelief,64,0.001,A1,100,11.525439270793465
regression,43,sgd,16,0.1,A2,1,nan
regression,43,sgd,64,0.1,A2,2,1.4991101034818768e+42
regression,43,sgd,16,0.001,A2,38,9.107279441442708
regression,43,sgd,64,0.001,A2,50,9.363215907870416
regression,43,momentum,16,0.1,A2,1,nan
regression,43,momentum,64,0.1,A2,3,603.3779936479156
regression,43,momentum,16,0.001,A2,31,9.311924731557562
regression,43,momentum,64,0.001,A2,52,9.339500287098101
regression,43,adabelief,16,0.1,A2,44,3.9979168837080548
regression,43,adabelief,64,0.1,A2,71,3.0289693264888222
regression,43,adabelief,16,0.001,A2,100,6.839322893497787
regression,43,adabelief,64,0.001,A2,100,8.96035448699888
regression,43,sgd,16,0.1,A2-bias,30,5.619270034171933e+161
regression,43,sgd,64,0.1,A2-bias,1,nan
regression,43,sgd,16,0.001,A2-bias,30,8.89674172001551
regression,43,sgd,64,0.001,A2-bias,53,9.112854767104599
regression,43,momentum,16,0.1,A2-bias,30,103.39842264652366
regression,43,momentum,64,0.1,A2-bias,30,103.40061469129623
regression,43,momentum,16,0.001,A2-bias,35,8.78079456166277
regression,43,momentum,64,0.001,A2-bias,55,9.323277323665453
regression,43,adabelief,16,0.1,A2-bias,46,0.8366865381251596
regression,43,adabelief,64,0.1,A2-bias,35,103.40557968999477
regression,43,adabelief,16,0.001,A2-bias,100,7.060108654082029
regression,43,adabelief,64,0.001,A2-bias,100,8.764045231594947
regression,43,sgd,16,0.1,A2-he,30,603.7911948051948
regression,43,sgd,64,0.1,A2-he,1,nan
regression,43,sgd,16,0.001,A2-he,30,6.879172226965735
regression,43,sgd,64,0.001,A2-he,60,7.140576995882526
regression,43,momentum,16,0.1,A2-he,30,603.7911948051948
regression,43,momentum,64,0.1,A2-he,30,603.7911948051948
regression,43,momentum,16,0.001,A2-he,100,3.20740273459072
regression,43,momentum,64,0.001,A2-he,82,6.952698092550802
regression,43,adabelief,16,0.1,A2-he,30,3.0077264486673823
regression,43,adabelief,64,0.1,A2-he,42,3.500829937230209
regression,43,adabelief,16,0.001,A2-he,100,2.63530313759095
regression,43,adabelief,64,0.001,A2-he,100,6.765421806985574
regression,43,sgd,16,0.1,A2-bias-he,1,nan
regression,43,sgd,64,0.1,A2-bias-he,1,nan
regression,43,sgd,16,0.001,A2-bias-he,38,6.343166657563937
regression,43,sgd,64,0.001,A2-bias-he,60,7.001233379323442
regression,43,momentum,16,0.1,A2-bias-he,100,39484508.74217002
regression,43,momentum,64,0.1,A2-bias-he,33,103.42616906983358
regression,43,momentum,16,0.001,A2-bias-he,100,3.2417171286465516
regression,43,momentum,64,0.001,A2-bias-he,100,6.479457636303102
regression,43,adabelief,16,0.1,A2-bias-he,65,0.38937700723030993
regression,43,adabelief,64,0.1,A2-bias-he,75,0.4722777766748987
regression,43,adabelief,16,0.001,A2-bias-he,100,2.0117356410034195
regression,43,adabelief,64,0.001,A2-bias-he,100,6.821879824606294
regression,43,sgd,16,0.1,A2-bn,1,inf
regression,43,sgd,64,0.1,A2-bn,2,1.7693157898748023e+280
regression,43,sgd,16,0.001,A2-bn,49,2.126190593078974
regression,43,sgd,64,0.001,A2-bn,45,2.9303586272310875
regression,43,momentum,16,0.1,A2-bn,42,8.985391687061203
regression,43,momentum,64,0.1,A2-bn,60,4.248974213837896
regression,43,momentum,16,0.001,A2-bn,51,2.857718219061584
regression,43,momentum,64,0.001,A2-bn,77,1.4091707195329557
regression,43,adabelief,16,0.1,A2-bn,42,4.037220574976783
regression,43,adabelief,64,0.1,A2-bn,60,2.3829228482668943
regression,43,adabelief,16,0.001,A2-bn,48,2.6538500829715583
regression,43,adabelief,64,0.001,A2-bn,100,1.824073357722583
regression,43,sgd,16,0.1,A1-dropout,30,9.772906256606245
regression,43,sgd,64,0.1,A1-dropout,30,12.284685838182355
regression,43,sgd,16,0.001,A1-dropout,93,11.554594793880481
regression,43,sgd,64,0.001,A1-dropout,100,12.765069705643114
regression,43,momentum,16,0.1,A1-dropout,30,8.615183902967093
regression,43,momentum,64,0.1,A1-dropout,84,8.72635859447742
regression,43,momentum,16,0.001,A1-dropout,72,11.870886583121484
regression,43,momentum,64,0.001,A1-dropout,100,12.765031619776092
regression,43,adabelief,16,0.1,A1-dropout,73,4.497613195034317
regression,43,adabelief,64,0.1,A1-dropout,54,8.173157214084496
regression,43,adabelief,16,0.001,A1-dropout,72,11.35833329529223
regression,43,adabelief,64,0.001,A1-dropout,100,12.022580437162643
regression,43,sgd,16,0.1,A2-bn-dropout,1,nan
regression,43,sgd,64,0.1,A2-bn-dropout,2,2.1312131591412837e+72
regression,43,sgd,16,0.001,A2-bn-dropout,74,5.277922006040205
regression,43,sgd,64,0.001,A2-bn-dropout,43,8.414740414791115
regression,43,momentum,16,0.1,A2-bn-dropout,30,12.498497264630439
regression,43,momentum,64,0.1,A2-bn-dropout,43,11.573673780161519
regression,43,momentum,16,0.001,A2-bn-dropout,41,7.880604188731985
regression,43,momentum,64,0.001,A2-bn-dropout,60,7.701101868429757
regression,43,adabelief,16,0.1,A2-bn-dropout,30,9.10930395926254
regression,43,adabelief,64,0.1,A2-bn-dropout,73,4.595881286044736
regression,43,adabelief,16,0.001,A2-bn-dropout,64,7.217528528875315
regression,43,adabelief,64,0.001,A2-bn-dropout,100,5.672694075365333
regression,44,sgd,16,0.1,A1,58,9.494842330630906
regression,44,sgd,64,0.1,A1,32,10.269131934893863
regression,44,sgd,16,0.001,A1,100,10.901439782763125
regression,44,sgd,64,0.001,A1,100,12.084338130824698
regression,44,momentum,16,0.1,A1,100,0.8414499826210788
regression,44,momentum,64,0.1,A1,100,4.656617223719136
regression,44,momentum,16,0.001,A1,100,10.891688646842402
regression,44,momentum,64,0.001,A1,100,12.092905148786873
regression,44,adabelief,16,0.1,A1,83,0.7504225013556141
regression,44,adabelief,64,0.1,A1,100,2.4200854248187933
regression,44,adabelief,16,0.001,A1,100,10.392027201809015
regression,44,adabelief,64,0.001,A1,100,11.007402425395183
regression,44,sgd,16,0.1,A2,1,nan
regression,44,sgd,64,0.1,A2,2,1.807291674911466e+166
regression,44,sgd,16,0.001,A2,30,9.968583857894894
regression,44,sgd,64,0.001,A2,60,9.745774950586952
regression,44,momentum,16,0.1,A2,30,622.3539740259739
regression,44,momentum,64,0.1,A2,30,622.3539740259739
regression,44,momentum,16,0.001,A2,38,9.518341154785709
regression,44,momentum,64,0.001,A2,61,10.097227007952307
regression,44,adabelief,16,0.1,A2,76,1.1332451211583074
regression,44,adabelief,64,0.1,A2,54,3.0922065660679667
regression,44,adabelief,16,0.001,A2,64,9.691681160845436
regression,44,adabelief,64,0.001,A2,100,8.93861754999968
regression,44,sgd,16,0.1,A2-bias,1,nan
regression,44,sgd,64,0.1,A2-bias,1,nan
regression,44,sgd,16,0.001,A2-bias,100,2.9543710733583364
regression,44,sgd,64,0.001,A2-bias,60,9.273440169165639
regression,44,momentum,16,0.1,A2-bias,1,nan
regression,44,momentum,64,0.1,A2-bias,33,102.10649280974472
regression,44,momentum,16,0.001,A2-bias,30,9.273576342114994
regression,44,momentum,64,0.001,A2-bias,63,9.320311674519827
regression,44,adabelief,16,0.1,A2-bias,38,0.9070537419086797
regression,44,adabelief,64,0.1,A2-bias,100,0.8053268370617682
regression,44,adabelief,16,0.001,A2-bias,100,3.7486270010702154
regression,44,adabelief,64,0.001,A2-bias,100,7.504243246229676
regression,44,sgd,16,0.1,A2-he,30,622.3539740259739
regression,44,sgd,64,0.1,A2-he,30,622.3539740259739
regression,44,sgd,16,0.001,A2-he,32,8.355073395825869
regression,44,sgd,64,0.001,A2-he,64,8.509803224318343
regression,44,momentum,16,0.1,A2-he,30,622.3539740259739
regression,44,momentum,64,0.1,A2-he,30,622.3539740259739
regression,44,momentum,16,0.001,A2-he,100,3.7888412174783213
regression,44,momentum,64,0.001,A2-he,100,8.079139793208462
regression,44,adabelief,16,0.1,A2-he,45,3.796462885228409
regression,44,adabelief,64,0.1,A2-he,96,1.3679732805064215
regression,44,adabelief,16,0.001,A2-he,100,1.9629260996670967
regression,44,adabelief,64,0.001,A2-he,100,6.9832839798232715
regression,44,sgd,16,0.1,A2-bias-he,48,103.45411429198971
regression,44,sgd,64,0.1,A2-bias-he,100,102.49481686534523
regression,44,sgd,16,0.001,A2-bias-he,32,8.423450389466423
regression,44,sgd,64,0.001,A2-bias-he,64,8.764512414912918
regression,44,momentum,16,0.1,A2-bias-he,100,1.2501019337818494e+17
regression,44,momentum,64,0.1,A2-bias-he,2,2.9596349556919992e+19
regression,44,momentum,16,0.001,A2-bias-he,100,3.9359802707306835
regression,44,momentum,64,0.001,A2-bias-he,74,8.636798626873903
regression,44,adabelief,16,0.1,A2-bias-he,38,1.8333968409194044
regression,44,adabelief,64,0.1,A2-bias-he,36,3.6918415411537087
regression,44,adabelief,16,0.001,A2-bias-he,100,1.4363898906371468
regression,44,adabelief,64,0.001,A2-bias-he,100,6.632860818248798
regression,44,sgd,16,0.1,A2-bn,1,nan
regression,44,sgd,64,0.1,A2-bn,1,inf
regression,44,sgd,16,0.001,A2-bn,52,2.453932697979969
regression,44,sgd,64,0.001,A2-bn,76,1.5865448250841905
regression,44,momentum,16,0.1,A2-bn,31,7.110296943853547
regression,44,momentum,64,0.1,A2-bn,46,5.065439723958992
regression,44,momentum,16,0.001,A2-bn,44,2.424745253114152
regression,44,momentum,64,0.001,A2-bn,72,1.4119902395738027
regression,44,adabelief,16,0.1,A2-bn,60,3.423913355279893
regression,44,adabelief,64,0.1,A2-bn,76,1.8353834708170544
regression,44,adabelief,16,0.001,A2-bn,58,2.2709730287199617
regression,44,adabelief,64,0.001,A2-bn,53,6.672615822158712
regression,44,sgd,16,0.1,A1-dropout,33,16.351185479170532
regression,44,sgd,64,0.1,A1-dropout,30,9.374246083897672
regression,44,sgd,16,0.001,A1-dropout,100,11.017959115439247
regression,44,sgd,64,0.001,A1-dropout,100,12.233594676716283
regression,44,momentum,16,0.1,A1-dropout,69,4.963948730258015
regression,44,momentum,64,0.1,A1-dropout,41,9.478075782873155
regression,44,momentum,16,0.001,A1-dropout,100,10.997427427636094
regression,44,momentum,64,0.001,A1-dropout,100,12.245892255372299
regression,44,adabelief,16,0.1,A1-dropout,77,2.8748020383513873
regression,44,adabelief,64,0.1,A1-dropout,100,4.415670437258012
regression,44,adabelief,16,0.001,A1-dropout,100,10.49537901904355
regression,44,adabelief,64,0.001,A1-dropout,100,11.59241438421944
regression,44,sgd,16,0.1,A2-bn-dropout,1,nan
regression,44,sgd,64,0.1,A2-bn-dropout,2,2.2933116692567814e+200
regression,44,sgd,16,0.001,A2-bn-dropout,39,8.363395326040688
regression,44,sgd,64,0.001,A2-bn-dropout,34,10.392612235236454
regression,44,momentum,16,0.1,A2-bn-dropout,30,17.56639184572149
regression,44,momentum,64,0.1,A2-bn-dropout,43,8.805154192956081
regression,44,momentum,16,0.001,A2-bn-dropout,32,8.360378393659502
regression,44,momentum,64,0.001,A2-bn-dropout,30,9.891927714050402
regression,44,adabelief,16,0.1,A2-bn-dropout,33,7.898591623108823
regression,44,adabelief,64,0.1,A2-bn-dropout,30,8.28840286438922
regression,44,adabelief,16,0.001,A2-bn-dropout,48,7.7412522464009506
regression,44,adabelief,64,0.001,A2-bn-dropout,53,8.772863047572828
regression,45,sgd,16,0.1,A1,77,1.4462357086168733
regression,45,sgd,64,0.1,A1,54,7.352881258907759
regression,45,sgd,16,0.001,A1,100,8.878084116170381
regression,45,sgd,64,0.001,A1,100,9.289657623228992
regression,45,momentum,16,0.1,A1,100,0.516145054047685
regression,45,momentum,64,0.1,A1,100,4.488176976579616
regression,45,momentum,16,0.001,A1,100,8.88049300174724
regression,45,momentum,64,0.001,A1,100,9.297528714390744
regression,45,adabelief,16,0.1,A1,83,0.4926380048113383
regression,45,adabelief,64,0.1,A1,100,1.5153258404658831
regression,45,adabelief,16,0.001,A1,100,8.831596225433318
regression,45,adabelief,64,0.001,A1,100,9.00976047235642
regression,45,sgd,16,0.1,A2,30,600.8775967532467
regression,45,sgd,64,0.1,A2,1,nan
regression,45,sgd,16,0.001,A2,30,8.970098088443912
regression,45,sgd,64,0.001,A2,54,9.163989958377357
regression,45,momentum,16,0.1,A2,1,nan
regression,45,momentum,64,0.1,A2,30,600.7891242497736
regression,45,momentum,16,0.001,A2,30,9.668675641410344
regression,45,momentum,64,0.001,A2,59,8.882057817808024
regression,45,adabelief,16,0.1,A2,53,1.4775723274629389
regression,45,adabelief,64,0.1,A2,30,9.040994733801124
regression,45,adabelief,16,0.001,A2,66,8.689580258645542
regression,45,adabelief,64,0.001,A2,100,9.055420761045555
regression,45,sgd,16,0.1,A2-bias,1,nan
regression,45,sgd,64,0.1,A2-bias,1,nan
regression,45,sgd,16,0.001,A2-bias,54,8.532489965372921
regression,45,sgd,64,0.001,A2-bias,54,8.850224994816735
regression,45,momentum,16,0.1,A2-bias,1,nan
regression,45,momentum,64,0.1,A2-bias,43,13.220975348491956
regression,45,momentum,16,0.001,A2-bias,59,8.23101653565216
regression,45,momentum,64,0.001,A2-bias,69,8.510597901183692
regression,45,adabelief,16,0.1,A2-bias,61,0.5481730816352932
regression,45,adabelief,64,0.1,A2-bias,65,2.489726573072041
regression,45,adabelief,16,0.001,A2-bias,100,3.8982226331500387
regression,45,adabelief,64,0.001,A2-bias,91,8.950408402944324
regression,45,sgd,16,0.1,A2-he,1,nan
regression,45,sgd,64,0.1,A2-he,1,nan
regression,45,sgd,16,0.001,A2-he,100,5.2646664445602305
regression,45,sgd,64,0.001,A2-he,71,8.737043219933478
regression,45,momentum,16,0.1,A2-he,30,600.8775967532467
regression,45,momentum,64,0.1,A2-he,30,600.8775967532467
regression,45,momentum,16,0.001,A2-he,90,5.589604118818372
regression,45,momentum,64,0.001,A2-he,59,8.674101773854703
regression,45,adabelief,16,0.1,A2-he,48,2.8148410602667644
regression,45,adabelief,64,0.1,A2-he,30,9.031372772411988
regression,45,adabelief,16,0.001,A2-he,100,2.065886341491005
regression,45,adabelief,64,0.001,A2-he,100,7.156008494168287
regression,45,sgd,16,0.1,A2-bias-he,1,nan
regression,45,sgd,64,0.1,A2-bias-he,1,nan
regression,45,sgd,16,0.001,A2-bias-he,100,4.0572981870224005
regression,45,sgd,64,0.001,A2-bias-he,49,10.037705483803133
regression,45,momentum,16,0.1,A2-bias-he,1,nan
regression,45,momentum,64,0.1,A2-bias-he,30,106.51029668942789
regression,45,momentum,16,0.001,A2-bias-he,100,3.2555903898479164
regression,45,momentum,64,0.001,A2-bias-he,59,8.662424243250227
regression,45,adabelief,16,0.1,A2-bias-he,35,0.4381573418576363
regression,45,adabelief,64,0.1,A2-bias-he,30,5.568765879660061
regression,45,adabelief,16,0.001,A2-bias-he,100,1.5628034968679008
regression,45,adabelief,64,0.001,A2-bias-he,100,6.092570949596043
regression,45,sgd,16,0.1,A2-bn,1,nan
regression,45,sgd,64,0.1,A2-bn,3,1849459.6672242992
regression,45,sgd,16,0.001,A2-bn,74,2.0827284999697753
regression,45,sgd,64,0.001,A2-bn,32,7.005377400299719
regression,45,momentum,16,0.1,A2-bn,30,8.895661496187197
regression,45,momentum,64,0.1,A2-bn,49,2.9810185658609574
regression,45,momentum,16,0.001,A2-bn,62,1.8767428272268585
regression,45,momentum,64,0.001,A2-bn,51,3.958532110618905
regression,45,adabelief,16,0.1,A2-bn,45,3.1165843331674403
regression,45,adabelief,64,0.1,A2-bn,64,1.8704020470250664
regression,45,adabelief,16,0.001,A2-bn,73,2.3920519398787015
regression,45,adabelief,64,0.001,A2-bn,100,1.2578929005906754
regression,45,sgd,16,0.1,A1-dropout,37,7.032070741235178
regression,45,sgd,64,0.1,A1-dropout,30,9.641369328104068
regression,45,sgd,16,0.001,A1-dropout,100,8.876633083015575
regression,45,sgd,64,0.001,A1-dropout,100,9.340456156218169
regression,45,momentum,16,0.1,A1-dropout,79,3.6401525821700327
regression,45,momentum,64,0.1,A1-dropout,93,6.608051166490667
regression,45,momentum,16,0.001,A1-dropout,100,8.890554279981947
regression,45,momentum,64,0.001,A1-dropout,100,9.337973852468762
regression,45,adabelief,16,0.1,A1-dropout,51,3.4444703414082904
regression,45,adabelief,64,0.1,A1-dropout,97,3.9036189578588134
regression,45,adabelief,16,0.001,A1-dropout,100,8.806160428985669
regression,45,adabelief,64,0.001,A1-dropout,100,9.305785353745797
regression,45,sgd,16,0.1,A2-bn-dropout,1,nan
regression,45,sgd,64,0.1,A2-bn-dropout,1,nan
regression,45,sgd,16,0.001,A2-bn-dropout,33,9.183922272633747
regression,45,sgd,64,0.001,A2-bn-dropout,32,9.026592506645606
regression,45,momentum,16,0.1,A2-bn-dropout,30,11.654046980464393
regression,45,momentum,64,0.1,A2-bn-dropout,30,9.04450014851597
regression,45,momentum,16,0.001,A2-bn-dropout,30,8.292284216410183
regression,45,momentum,64,0.001,A2-bn-dropout,34,9.404721454004434
regression,45,adabelief,16,0.1,A2-bn-dropout,47,7.604260168975237
regression,45,adabelief,64,0.1,A2-bn-dropout,30,9.17216534922821
regression,45,adabelief,16,0.001,A2-bn-dropout,30,8.96462138353165
regression,45,adabelief,64,0.001,A2-bn-dropout,52,8.826908631443288
regression,46,sgd,16,0.1,A1,44,10.058628497969474
regression,46,sgd,64,0.1,A1,30,13.855900080211683
regression,46,sgd,16,0.001,A1,100,8.50557717799324
regression,46,sgd,64,0.001,A1,93,10.531438681710721
regression,46,momentum,16,0.1,A1,100,0.5763694079574696
regression,46,momentum,64,0.1,A1,100,4.228063936187629
regression,46,momentum,16,0.001,A1,96,8.608384314880622
regression,46,momentum,64,0.001,A1,100,10.290199541856323
regression,46,adabelief,16,0.1,A1,100,0.39827570619255365
regression,46,adabelief,64,0.1,A1,100,1.0555005587018476
regression,46,adabelief,16,0.001,A1,65,8.399804591044424
regression,46,adabelief,64,0.001,A1,100,8.790604680901245
regression,46,sgd,16,0.1,A2,30,576.8521435064935
regression,46,sgd,64,0.1,A2,30,576.8521435064935
regression,46,sgd,16,0.001,A2,89,3.145467315651726
regression,46,sgd,64,0.001,A2,35,7.428489023991723
regression,46,momentum,16,0.1,A2,30,576.8521435064935
regression,46,momentum,64,0.1,A2,30,576.8521435064935
regression,46,momentum,16,0.001,A2,39,6.9369756033560845
regression,46,momentum,64,0.001,A2,47,7.304858036041867
regression,46,adabelief,16,0.1,A2,54,1.192639437159229
regression,46,adabelief,64,0.1,A2,72,1.689318961724179
regression,46,adabelief,16,0.001,A2,100,3.202611400135664
regression,46,adabelief,64,0.001,A2,90,7.8303524684153185
regression,46,sgd,16,0.1,A2-bias,1,nan
regression,46,sgd,64,0.1,A2-bias,1,nan
regression,46,sgd,16,0.001,A2-bias,100,1.8297494539087509
regression,46,sgd,64,0.001,A2-bias,38,6.864644267845971
regression,46,momentum,16,0.1,A2-bias,2,3.2739238800839865e+219
regression,46,momentum,64,0.1,A2-bias,3,86.51526202283443
regression,46,momentum,16,0.001,A2-bias,100,2.2279809519674543
regression,46,momentum,64,0.001,A2-bias,64,6.426854591661396
regression,46,adabelief,16,0.1,A2-bias,34,1.8805898577098714
regression,46,adabelief,64,0.1,A2-bias,90,0.7384371990196603
regression,46,adabelief,16,0.001,A2-bias,100,2.7599550031123594
regression,46,adabelief,64,0.001,A2-bias,100,7.340893045953836
regression,46,sgd,16,0.1,A2-he,1,nan
regression,46,sgd,64,0.1,A2-he,1,nan
regression,46,sgd,16,0.001,A2-he,100,3.191625144407526
regression,46,sgd,64,0.001,A2-he,62,8.304531306779998
regression,46,momentum,16,0.1,A2-he,30,576.8521435064935
regression,46,momentum,64,0.1,A2-he,30,576.8521435064935
regression,46,momentum,16,0.001,A2-he,100,3.742398781462567
regression,46,momentum,64,0.001,A2-he,100,6.494387356625544
regression,46,adabelief,16,0.1,A2-he,54,1.1982099748096227
regression,46,adabelief,64,0.1,A2-he,65,1.6753504013606215
regression,46,adabelief,16,0.001,A2-he,100,2.112193080548015
regression,46,adabelief,64,0.001,A2-he,100,6.762345758713424
regression,46,sgd,16,0.1,A2-bias-he,1,nan
regression,46,sgd,64,0.1,A2-bias-he,37,90.70843098125938
regression,46,sgd,16,0.001,A2-bias-he,100,1.7809528311897855
regression,46,sgd,64,0.001,A2-bias-he,100,5.6944388446220335
regression,46,momentum,16,0.1,A2-bias-he,1,nan
regression,46,momentum,64,0.1,A2-bias-he,2,2.298261968615787e+152
regression,46,momentum,16,0.001,A2-bias-he,100,2.708113998714537
regression,46,momentum,64,0.001,A2-bias-he,100,5.836316506348982
regression,46,adabelief,16,0.1,A2-bias-he,40,1.2430526369477517
regression,46,adabelief,64,0.1,A2-bias-he,57,0.6510506366391804
regression,46,adabelief,16,0.001,A2-bias-he,100,1.4828928201688312
regression,46,adabelief,64,0.001,A2-bias-he,100,5.585664234529367
regression,46,sgd,16,0.1,A2-bn,1,inf
regression,46,sgd,64,0.1,A2-bn,2,1.965404761123401e+276
regression,46,sgd,16,0.001,A2-bn,46,2.1199597900970963
regression,46,sgd,64,0.001,A2-bn,64,2.047725351485962
regression,46,momentum,16,0.1,A2-bn,36,2.999644778817692
regression,46,momentum,64,0.1,A2-bn,30,7.572791304764471
regression,46,momentum,16,0.001,A2-bn,45,2.533573112432494
regression,46,momentum,64,0.001,A2-bn,77,1.5583026721700854
regression,46,adabelief,16,0.1,A2-bn,31,3.7903406239407462
regression,46,adabelief,64,0.1,A2-bn,80,1.0845344551898974
regression,46,adabelief,16,0.001,A2-bn,44,2.3564270163719234
regression,46,adabelief,64,0.001,A2-bn,43,3.558423003380437
regression,46,sgd,16,0.1,A1-dropout,30,9.522768883669107
regression,46,sgd,64,0.1,A1-dropout,42,8.573469938115062
regression,46,sgd,16,0.001,A1-dropout,89,8.395148795919095
regression,46,sgd,64,0.001,A1-dropout,94,10.243518492228405
regression,46,momentum,16,0.1,A1-dropout,69,4.125656030399505
regression,46,momentum,64,0.1,A1-dropout,30,9.171061242470097
regression,46,momentum,16,0.001,A1-dropout,71,8.842986969323476
regression,46,momentum,64,0.001,A1-dropout,96,10.216777195331021
regression,46,adabelief,16,0.1,A1-dropout,47,3.4926285847164746
regression,46,adabelief,64,0.1,A1-dropout,78,3.512211739661437
regression,46,adabelief,16,0.001,A1-dropout,71,8.271456738934589
regression,46,adabelief,64,0.001,A1-dropout,100,8.863636621972924
regression,46,sgd,16,0.1,A2-bn-dropout,1,nan
regression,46,sgd,64,0.1,A2-bn-dropout,1,inf
regression,46,sgd,16,0.001,A2-bn-dropout,76,4.026143334313166
regression,46,sgd,64,0.001,A2-bn-dropout,31,8.023525385972096
regression,46,momentum,16,0.1,A2-bn-dropout,30,12.513031188789126
regression,46,momentum,64,0.1,A2-bn-dropout,30,10.93542786455276
regression,46,momentum,16,0.001,A2-bn-dropout,89,3.834435247185229
regression,46,momentum,64,0.001,A2-bn-dropout,42,6.260895733222834
regression,46,adabelief,16,0.1,A2-bn-dropout,31,6.405264895543009
regression,46,adabelief,64,0.1,A2-bn-dropout,42,5.012437530262702
regression,46,adabelief,16,0.001,A2-bn-dropout,42,6.080299015978358
regression,46,adabelief,64,0.001,A2-bn-dropout,56,5.438726523773057
