problem_name,optimizer,batch,learning_rate,architecture,epochs_ran,test_metric
classification,sgd,16,0.1,A1,100,0.019918244396959568
classification,sgd,64,0.1,A1,100,0.04958895538824092
classification,sgd,16,0.001,A1,100,0.6623361060176687
classification,sgd,64,0.001,A1,100,0.684614134044881
classification,momentum,16,0.1,A1,100,0.020126353269136636
classification,momentum,64,0.1,A1,100,0.04979880658481647
classification,momentum,16,0.001,A1,100,0.6624197422197733
classification,momentum,64,0.001,A1,100,0.6846605887655741
classification,adabelief,16,0.1,A1,82,0.0001590156576081794
classification,adabelief,64,0.1,A1,83,0.0007475083909486954
classification,adabelief,16,0.001,A1,100,0.01672279400125015
classification,adabelief,64,0.001,A1,100,0.02986077028921304
classification,sgd,16,0.1,A2,62,0.005262288740450309
classification,sgd,64,0.1,A2,100,0.006685647202110718
classification,sgd,16,0.001,A2,100,0.69001932467359
classification,sgd,64,0.001,A2,100,0.6933058386885667
classification,momentum,16,0.1,A2,80,0.005144109825934136
classification,momentum,64,0.1,A2,61,0.011555018915989583
classification,momentum,16,0.001,A2,100,0.6900298997066304
classification,momentum,64,0.001,A2,100,0.6933026226328068
classification,adabelief,16,0.1,A2,30,0.12687694944667297
classification,adabelief,64,0.1,A2,30,0.007270353678007753
classification,adabelief,16,0.001,A2,52,0.004167268231349725
classification,adabelief,64,0.001,A2,94,0.004896349045612619
regression,sgd,16,0.1,A1,99,1.004549251258067
regression,sgd,64,0.1,A1,33,9.515247039274035
regression,sgd,16,0.001,A1,100,9.260737315580352
regression,sgd,64,0.001,A1,100,10.298946623248932
regression,momentum,16,0.1,A1,100,0.5735649768897273
regression,momentum,64,0.1,A1,100,4.08161737870863
regression,momentum,16,0.001,A1,100,9.264084046867497
regression,momentum,64,0.001,A1,100,10.307909293070727
regression,adabelief,16,0.1,A1,100,0.37454804087697924
regression,adabelief,64,0.1,A1,100,1.5120464064459982
regression,adabelief,16,0.001,A1,100,8.848874328805792
regression,adabelief,64,0.001,A1,100,9.38971579420493
regression,sgd,16,0.1,A2,30,602.1734974025975
regression,sgd,64,0.1,A2,30,602.1734974025975
regression,sgd,16,0.001,A2,99,2.7358361390948245
regression,sgd,64,0.001,A2,73,7.870551447252078
regression,momentum,16,0.1,A2,30,602.1734974025975
regression,momentum,64,0.1,A2,30,602.1734974025975
regression,momentum,16,0.001,A2,100,2.700931076236606
regression,momentum,64,0.001,A2,89,7.6821183326557065
regression,adabelief,16,0.1,A2,30,2.731151607068443
regression,adabelief,64,0.1,A2,61,2.1330547636176957
regression,adabelief,16,0.001,A2,59,7.470659614027525
regression,adabelief,64,0.001,A2,100,7.672041087585149
